{
  "id": "rb",
  "title": "Righteous Blood Ruthless Blade",
  "description": "Righteous Blade Ruthless Blade",
  "version": "1.0.0",
  "compatibility": {
    "minimum": 10,
    "verified": "10.291",
    "maximum": 10
  },
  "authors": [{
    "name": "Mark"
  }],
  "esmodules": ["module/rb.mjs"],
  "styles": ["css/rb.css"],
  "scripts": [],
  "packs": [],
  "languages": [
    {
      "lang": "en",
      "name": "English",
      "path": "lang/en.json"
    }
  ],
  "gridDistance": 5,
  "gridUnits": "ft",
  "primaryTokenAttribute": "health",
  "secondaryTokenAttribute": "power",
  "url": "https://github.com/shilviakaral/rightiousblood1",
  "manifest": "https://github.com/shilviakaral/rightiousblood1/blob/main/rb/system.json",
  "license": "LICENSE.txt",
  "changelog": "CHANGELOG.md"
}
