{
  "Actor": {
    "types": ["character"],
    "templates": {
      "base": {
        "health": {
          "value": 10,
          "min": 0,
          "max": 10
        },
        "power": {
          "value": 5,
          "min": 0,
          "max": 5
        },
        "biography": ""
      }
    },
    "character": {
      "templates": ["base"],
      "attributes": {
        "level": {
          "value": 1
        }
      },
      "abilities": {
        "str": {
          "value": 10
        },
        "dex": {
          "value": 10
        },
        "con": {
          "value": 10
        },
        "int": {
          "value": 10
        },
        "wis": {
          "value": 10
        },
        "cha": {
          "value": 10
        }
      }
    },
  },
  "Item": {
    "types": ["equipment", "signatureabilities", "counters", "weapons", "socialresources", "eccentricities", "firedeviations",],
    "templates": {
      "base": {
        "description": ""
      }
    },
    "equipment": {
      "templates": ["base"]
    },
    "signatureabilities": {
      "templates": ["base"]
    },
	"weapons": {
      "templates": ["base"]
    },
	"socialresources": {
      "templates": ["base"]
    },
	"eccentricities": {
      "templates": ["base"]
    },
	"firedeviations": {
      "templates": ["base"]
    },
    "counters": {
      "templates": ["base"]
    }
  }
}
